eval_losses,eval_accs,eval_final_accs
6.4791093,0.03209381,0.032090344
1.6677891,0.450938,0.45092812
1.4927464,0.47326034,0.47323173
