{
    "artifacts/params_markov_transformer_large.npz": {
        "even_pairs": {
            "regret": 2.624598979949951,
            "total_accuracy": 0.48771706223487854,
            "total_final_accuracy": 0.4860692620277405
        },
        "modular_arithmetic": {
            "regret": 4.52008581161499,
            "total_accuracy": 0.10822784900665283,
            "total_final_accuracy": 0.1082056537270546
        },
        "parity_check": {
            "regret": 3.5503737926483154,
            "total_accuracy": 0.4960342347621918,
            "total_final_accuracy": 0.501185417175293
        },
        "cycle_navigation": {
            "regret": 6.762545108795166,
            "total_accuracy": 0.31283465027809143,
            "total_final_accuracy": 0.312782347202301
        },
        "stack_manipulation": {
            "regret": 116.7422103881836,
            "total_accuracy": 0.40864047408103943,
            "total_final_accuracy": 0.43931111693382263
        },
        "reverse_string": {
            "regret": 111.33296966552734,
            "total_accuracy": 0.4862913191318512,
            "total_final_accuracy": 0.47666358947753906
        },
        "modular_arithmetic_brackets": {
            "regret": 6.803755283355713,
            "total_accuracy": 0.10850908607244492,
            "total_final_accuracy": 0.10855525732040405
        },
        "solve_equation": {
            "regret": 6.89133358001709,
            "total_accuracy": 0.1474686712026596,
            "total_final_accuracy": 0.14745506644248962
        },
        "duplicate_string": {
            "regret": 174.9413604736328,
            "total_accuracy": 0.4930281639099121,
            "total_final_accuracy": 0.49472784996032715
        },
        "missing_duplicate_string": {
            "regret": 2.6744720935821533,
            "total_accuracy": 0.4787229895591736,
            "total_final_accuracy": 0.4786923825740814
        },
        "odds_first": {
            "regret": 108.70001220703125,
            "total_accuracy": 0.49263447523117065,
            "total_final_accuracy": 0.4958985447883606
        },
        "binary_addition": {
            "regret": 168.354248046875,
            "total_accuracy": 0.4732847213745117,
            "total_final_accuracy": 0.47687283158302307
        },
        "binary_multiplication": {
            "regret": 120.44869232177734,
            "total_accuracy": 0.47666025161743164,
            "total_final_accuracy": 0.4909205436706543
        },
        "compute_sqrt": {
            "regret": 123.09041595458984,
            "total_accuracy": 0.450283944606781,
            "total_final_accuracy": 0.4609028398990631
        },
        "bucket_sort": {
            "regret": 97.53101348876953,
            "total_accuracy": 0.3312283754348755,
            "total_final_accuracy": 0.32861587405204773
        }
    },
    "artifacts/params_original_transformer_large.npz": {
        "even_pairs": {
            "regret": 1.4490708112716675,
            "total_accuracy": 0.4864840507507324,
            "total_final_accuracy": 0.48641258478164673
        },
        "modular_arithmetic": {
            "regret": 4.566769599914551,
            "total_accuracy": 0.06392695009708405,
            "total_final_accuracy": 0.06395287811756134
        },
        "parity_check": {
            "regret": 1.2477713823318481,
            "total_accuracy": 0.488294780254364,
            "total_final_accuracy": 0.48825135827064514
        },
        "cycle_navigation": {
            "regret": 4.464047908782959,
            "total_accuracy": 0.3208724856376648,
            "total_final_accuracy": 0.32094502449035645
        },
        "stack_manipulation": {
            "regret": 112.56391906738281,
            "total_accuracy": 0.3866766393184662,
            "total_final_accuracy": 0.3826001286506653
        },
        "reverse_string": {
            "regret": 77.42000579833984,
            "total_accuracy": 0.4941194951534271,
            "total_final_accuracy": 0.48563966155052185
        },
        "modular_arithmetic_brackets": {
            "regret": 4.928891181945801,
            "total_accuracy": 0.12389950454235077,
            "total_final_accuracy": 0.12386046350002289
        },
        "solve_equation": {
            "regret": 7.02667760848999,
            "total_accuracy": 0.15007033944129944,
            "total_final_accuracy": 0.15011514723300934
        },
        "duplicate_string": {
            "regret": 116.67227935791016,
            "total_accuracy": 0.49177008867263794,
            "total_final_accuracy": 0.4889279901981354
        },
        "missing_duplicate_string": {
            "regret": 1.496050238609314,
            "total_accuracy": 0.4884777069091797,
            "total_final_accuracy": 0.4885529577732086
        },
        "odds_first": {
            "regret": 58.557373046875,
            "total_accuracy": 0.4893117845058441,
            "total_final_accuracy": 0.4828667640686035
        },
        "binary_addition": {
            "regret": 120.39334869384766,
            "total_accuracy": 0.450693279504776,
            "total_final_accuracy": 0.45046550035476685
        },
        "binary_multiplication": {
            "regret": 91.48019409179688,
            "total_accuracy": 0.4797697961330414,
            "total_final_accuracy": 0.47628721594810486
        },
        "compute_sqrt": {
            "regret": 81.76609802246094,
            "total_accuracy": 0.438323974609375,
            "total_final_accuracy": 0.4326307773590088
        },
        "bucket_sort": {
            "regret": 160.1040496826172,
            "total_accuracy": 0.17264550924301147,
            "total_final_accuracy": 0.1728668212890625
        }
    },
    "artifacts/params_markov_transformer_medium.npz": {
        "even_pairs": {
            "regret": 1.7871463298797607,
            "total_accuracy": 0.4669315814971924,
            "total_final_accuracy": 0.4670056700706482
        },
        "modular_arithmetic": {
            "regret": 3.562110424041748,
            "total_accuracy": 0.04885036125779152,
            "total_final_accuracy": 0.04883000999689102
        },
        "parity_check": {
            "regret": 1.8913815021514893,
            "total_accuracy": 0.46201038360595703,
            "total_final_accuracy": 0.461982786655426
        },
        "cycle_navigation": {
            "regret": 5.26519775390625,
            "total_accuracy": 0.31014639139175415,
            "total_final_accuracy": 0.31074294447898865
        },
        "stack_manipulation": {
            "regret": 123.72727966308594,
            "total_accuracy": 0.3353978395462036,
            "total_final_accuracy": 0.3301159739494324
        },
        "reverse_string": {
            "regret": 57.173828125,
            "total_accuracy": 0.4692080616950989,
            "total_final_accuracy": 0.4712427258491516
        },
        "modular_arithmetic_brackets": {
            "regret": 6.48895263671875,
            "total_accuracy": 0.10447683185338974,
            "total_final_accuracy": 0.10448688268661499
        },
        "solve_equation": {
            "regret": 5.127859592437744,
            "total_accuracy": 0.12653717398643494,
            "total_final_accuracy": 0.12655213475227356
        },
        "duplicate_string": {
            "regret": 59.865753173828125,
            "total_accuracy": 0.4766066074371338,
            "total_final_accuracy": 0.4771884083747864
        },
        "missing_duplicate_string": {
            "regret": 2.096489191055298,
            "total_accuracy": 0.45540347695350647,
            "total_final_accuracy": 0.4554441571235657
        },
        "odds_first": {
            "regret": 52.48705291748047,
            "total_accuracy": 0.4800346791744232,
            "total_final_accuracy": 0.4800698161125183
        },
        "binary_addition": {
            "regret": 60.17860794067383,
            "total_accuracy": 0.455233633518219,